<?xml  version="1.0" encoding="UTF-8"?>
<beans xmlns="http://www.springframework.org/schema/beans"
       xmlns:xsi="http://www.w3.org/2001/XMLSchema-instance"
        xmlns:security="http://www.springframework.org/schema/security"
       xmlns:context="http://www.springframework.org/schema/context"
        xmlns:tx="http://www.springframework.org/schema/tx"
       xmlns:mvc="http://www.springframework.org/schema/mvc"
       xsi:schemaLocation="http://www.springframework.org/schema/beans http://www.springframework.org/schema/beans/spring-beans.xsd
                           http://www.springframework.org/schema/context http://www.springframework.org/schema/context/spring-context.xsd
               http://www.springframework.org/schema/security http://www.springframework.org/schema/security/spring-security-4.0.xsd
                           http://www.springframework.org/schema/tx http://www.springframework.org/schema/tx/spring-tx.xsd
                           http://www.springframework.org/schema/mvc http://www.springframework.org/schema/mvc/spring-mvc.xsd">

 <context:component-scan base-package="com.chat.*" /> 
    <!-- <context:component-scan base-package="com.chat.controller" />
    <context:component-scan base-package="com.chat.model" />

 -->     <mvc:annotation-driven/>
    
    
        <bean id="dataSource" class="org.springframework.jdbc.datasource.DriverManagerDataSource">
        	<property name="driverClassName" value="oracle.jdbc.driver.OracleDriver" />
            <property name="url" value="jdbc:oracle:thin:@localhost:1521:XE" />
            
            <property name="username" value="cloud" />
            <property name="password" value="niit" />
        </bean>
<bean id="sessionFactory" class="org.springframework.orm.hibernate4.LocalSessionFactoryBean">
<property name="dataSource" ref="dataSource"/>
<property name="packagesToScan">
<list>
<value>com.chat</value>
</list>
</property>
<property name="hibernateProperties">
<props>
<prop key="hibernate.dialect">org.hibernate.dialect.OracleDialect</prop>
<prop key="hibernate.hbm2ddl.auto">update</prop>
<prop key="hibernate.show_sql">true</prop>
<prop key="hibernate.format_sql">true</prop>
</props>
</property>
</bean>    
    
    <tx:annotation-driven/>
    <bean id="transactionManager" class="org.springframework.orm.hibernate4.HibernateTransactionManager">
    <property name="sessionFactory" ref="sessionFactory"/>
    </bean>
          <security:http auto-config="true">
        <security:intercept-url pattern="/welcome2/**" access="permitAll" />
        <!-- <security:intercept-url pattern="/logout" access="permitAll" />
        <security:intercept-url pattern="/accessdenied" access="permitAll" /> -->
        <security:intercept-url pattern="/startchat/**" access="hasRole({'ROLE_USER','ROLE_ADMIN'})"/>
        <security:form-login login-page="/login" default-target-url="/chat" authentication-failure-url="/login?error"  username-parameter="username"  password-parameter="password" /> 
       <!-- security:intercept-url pattern="/shoppot/**" access="hasRole({'ROLE_ADMIN'})" />
        <security:form-login login-page="/index" default-target-url="/welcome2" authentication-failure-url="/login?error"  username-parameter="username"  password-parameter="password" /> -->
        <security:logout logout-success-url="/login?logout" />
  <security:csrf disabled="true"/>
    </security:http>
  
    <security:authentication-manager>
        <security:authentication-provider>
           <security:jdbc-user-service data-source-ref="dataSource"
           authorities-by-username-query="SELECT u.name, r.roll_name from registertable u,role r WHERE u.userid=r.rollid and u.name =?" 
    users-by-username-query="SELECT name,password,enable from registertable WHERE name=?"/>
               </security:authentication-provider>
         </security:authentication-manager>
    
</beans>